{
  "Adugodi": [
    123.8876557555354,
    98.06208853111234,
    102.58395267626913,
    86.95631133296425,
    55.93888654678961,
    189.1137563499705,
    186.7220799596437
  ],
  "Ashok Nagar": [
    59.7108416704914,
    87.12020211411703,
    73.95841996265766,
    79.6970117977859,
    69.8865449118604,
    70.64025222312536,
    157.31222809003862
  ],
  "Banashankari": [
    26.293497895130745,
    46.53568630950226,
    61.26043606580566,
    34.19843520072877,
    34.470379315195224,
    32.29659698996959,
    19.628532435125074
  ],
  "Banaswadi": [
    109.39036723040682,
    272.5327304055185,
    130.65796185243462,
    190.73765758141622,
    193.24506051672307,
    152.5779381445289,
    122.31660783573481
  ],
  "Basavanagudi": [
    105.2459032336263,
    81.8456548940903,
    92.8692004656379,
    93.57839844499316,
    102.41968363878304,
    85.82778042884564,
    116.49509073226974
  ],
  "Bellandur": [
    99.00549211005178,
    156.153051163362,
    260.79797302560763,
    222.47944967017088,
    173.1488649088491,
    147.8761827422867,
    173.4783526461504
  ],
  "Byatarayanapura": [
    188.32016945859445,
    129.95004079541624,
    146.1467966809099,
    242.28582160694666,
    151.98519779051958,
    136.3373158929079,
    179.02260365030156
  ],
  "Chamarajpet": [
    84.44369510171921,
    237.7703314678505,
    126.127391270648,
    140.55622009355028,
    141.8238744790003,
    162.2014870220474,
    157.10540348514897
  ],
  "Chikkabanavara": [
    24.538541700032056,
    29.619002502970332,
    33.90496290162039,
    37.099216140973226,
    37.663894204039735,
    30.329556129807575,
    41.772241192224115
  ],
  "Chikkajala": [
    300.68317999783073,
    413.54881950352285,
    250.14077579899293,
    292.18843085672927,
    419.2407224366984,
    358.90778767958665,
    391.28789761875305
  ],
  "City Market": [
    264.74502220143603,
    567.1807732296681,
    572.7025285429862,
    432.8813559135886,
    391.3456899373132,
    388.07421400194676,
    554.7670882685603
  ],
  "Cubbon Park": [
    81.2603293935254,
    93.52834641930377,
    132.70220861278986,
    138.42337583627986,
    105.10896015669444,
    133.36828898412358,
    138.290470517173
  ],
  "Devanahalli Airport": [
    58.65667645020982,
    61.15748849307633,
    46.06211069891166,
    43.28308824243817,
    60.876431545819536,
    47.65880039707024,
    26.295881624920877
  ],
  "Electronic City": [
    114.96667433746786,
    182.22310070843295,
    97.71089978652846,
    157.98507336621626,
    110.6043086603602,
    138.49651922790278,
    206.0768161870565
  ],
  "HAL Old Airport": [
    338.60373868978104,
    1355.2822661624912,
    1103.3379854717011,
    1568.3989651583968,
    705.9837876969822,
    935.471648158626,
    184.3341278786239
  ],
  "HSR Layout": [
    75.31375495590763,
    221.48478240135063,
    137.67756793719596,
    133.17986823790548,
    153.71148701046997,
    145.63750870585264,
    216.53018655104339
  ],
  "Halasur": [
    183.25237979023927,
    127.1222268568382,
    169.79291189806025,
    121.56836098316697,
    114.34884227417483,
    242.24094203122246,
    281.0448247957543
  ],
  "Halasuru Gate": [
    78.24010605492462,
    314.09336020923706,
    218.9911232275495,
    230.09212411061773,
    195.0242471825815,
    222.50488757285828,
    248.4012748678488
  ],
  "Hebbala": [
    39.193841378511365,
    112.82499784157582,
    135.6889652174516,
    70.1655073964328,
    71.60909785479436,
    84.00476263436462,
    78.19118635124234
  ],
  "Hennuru": [
    18.918553483985182,
    36.88705588385685,
    29.06973665385254,
    45.44358459152658,
    39.49317741733001,
    35.665572173765774,
    64.88335963134564
  ],
  "High ground": [
    38.919656200840755,
    131.29609198127227,
    182.93932025512353,
    114.51036652021872,
    125.64873189180841,
    112.84899287020096,
    112.31855172525239
  ],
  "Hulimavu": [
    78.8825887507206,
    67.65123353151054,
    73.5959717400873,
    66.06407200669993,
    51.366689534657716,
    121.8642135914674,
    71.27077314510858
  ],
  "J.P. Nagar": [
    37.78614771078041,
    43.67887685598368,
    65.75947647603107,
    63.32129894359007,
    51.33937641122471,
    44.25976914988763,
    40.924914207754014
  ],
  "Jalahalli": [
    49.035633457682195,
    87.24547582758288,
    47.40284611167542,
    41.2454853375042,
    28.869917463512767,
    40.24987439442256,
    36.65022647027772
  ],
  "Jayanagara": [
    122.18128045738827,
    149.69960662543627,
    163.41228890375433,
    93.70976703476572,
    144.31357899653858,
    147.67603747448297,
    237.62846960540605
  ],
  "Jeevanbheemanagar": [
    128.5942582827717,
    264.1070158868848,
    303.4619893859314,
    273.22272387332276,
    305.6873116119461,
    351.73968071126495,
    476.4279693178776
  ],
  "Jnanabharathi": [
    46.075371838374984,
    67.27666773758334,
    39.55596699767095,
    74.11129546412182,
    61.818657891950295,
    79.32871823762522,
    49.73074334638054
  ],
  "K.G. Halli": [
    22.239854939350767,
    30.581232616112835,
    30.78842296510006,
    43.85638059241373,
    34.93563001917975,
    79.39495871351261,
    57.536470297763984
  ],
  "K.R. Pura": [
    212.53259628300165,
    239.09894011312466,
    280.12003744697046,
    231.02945090635478,
    184.08941832932882,
    233.33146525855324,
    286.9087691768246
  ],
  "K.S. Layout": [
    6.627595532391958,
    42.38129304412776,
    54.19209579046771,
    56.39637314315929,
    41.82188877764243,
    49.360763804874495,
    43.77117711560132
  ],
  "Kamakshipalya": [
    46.529313386942654,
    46.15029625978532,
    66.13128777872917,
    64.69657758488893,
    48.480674269597756,
    59.87263177088716,
    47.185264795504864
  ],
  "Kengeri": [
    21.810273423653538,
    52.57827767711013,
    34.12725951066355,
    40.80417341121703,
    37.3047763772746,
    29.04942094672284,
    33.0233157701586
  ],
  "Kodigehalli": [
    332.10288638204906,
    301.56158119465766,
    293.0447776070864,
    295.80235244926575,
    260.3992512541404,
    304.28610832120677,
    381.96091671309495
  ],
  "Madiwala": [
    27.214864272763077,
    91.21006148267601,
    79.91449991359364,
    81.27126134983226,
    84.40108251642019,
    83.14881766620617,
    68.8039852532838
  ],
  "Magadi Road": [
    235.1147749900733,
    203.79621574067428,
    173.7389614215974,
    222.69841177292787,
    183.80537035770126,
    208.75453609055177,
    232.42753524577157
  ],
  "Mahadevapura": [
    330.2092397632937,
    331.42237755088325,
    305.5804610218586,
    413.65112790714124,
    329.08274148783096,
    307.7992617494724,
    598.0790653228239
  ],
  "Malleshwaram": [
    836.7091136761039,
    897.8726863064531,
    751.0347648578962,
    747.6023313173931,
    843.9983644439129,
    917.9913430814858,
    1185.7271021981248
  ],
  "Mico Layout": [
    52.122822427509504,
    107.52979176391,
    101.49594788507422,
    128.55229683183157,
    87.10568202471606,
    120.75654593734065,
    94.85018905937982
  ],
  "No Police Station": [
    11.530059941117232,
    19.162048084119366,
    38.87133680859429,
    63.99468214803046,
    23.408927354365336,
    73.62301917087352,
    36.869147021520845
  ],
  "Peenya": [
    47.228705864177634,
    47.06558859333587,
    56.655773617111784,
    110.06505159217147,
    39.11718099648132,
    61.09270468504882,
    58.83989371598552
  ],
  "Pulikeshinagar(F.Town)": [
    53.169458047351156,
    147.32805674181725,
    101.66451811927183,
    114.32582395014605,
    115.02269346810024,
    103.98564459173527,
    112.6220538253192
  ],
  "R.T. Nagar": [
    29.779664073952638,
    115.19720026133196,
    97.85689345089169,
    81.40588152658032,
    45.973495266864944,
    39.54070557701715,
    21.76006647022841
  ],